﻿{"cameraMode":{"drawMode":0,"name":"Shaded","section":"Shading Mode"},"sceneLighting":true,"audioPlay":false,"sceneViewState":{"showFog":true,"showMaterialUpdate":false,"showSkybox":true,"showFlares":true,"showImageEffects":true,"showParticleSystems":true},"in2DMode":false,"pivot":{"x":10.552274703979493,"y":2.2312421798706056,"z":9.39189624786377},"rotation":{"x":0.0842004269361496,"y":0.4263334274291992,"z":-0.03989686444401741,"w":0.8997546434402466},"size":7.586129188537598,"orthographic":false}