﻿{"cameraMode":{"drawMode":0,"name":"Shaded","section":"Shading Mode"},"sceneLighting":false,"audioPlay":false,"sceneViewState":{"showFog":true,"showMaterialUpdate":false,"showSkybox":false,"showFlares":true,"showImageEffects":true,"showParticleSystems":true},"in2DMode":false,"pivot":{"x":0.23737995326519013,"y":1.6005573272705079,"z":0.4483757019042969},"rotation":{"x":0.4446457624435425,"y":0.01046299934387207,"z":-0.005194517318159342,"w":0.8956303596496582},"size":13.254889488220215,"orthographic":false}