﻿{"cameraMode":{"drawMode":0,"name":"Shaded","section":"Shading Mode"},"sceneLighting":true,"audioPlay":false,"sceneViewState":{"showFog":true,"showMaterialUpdate":false,"showSkybox":true,"showFlares":true,"showImageEffects":true,"showParticleSystems":true},"in2DMode":false,"pivot":{"x":8.93917465209961,"y":22.426958084106447,"z":-15.330809593200684},"rotation":{"x":0.1999383270740509,"y":0.012914901599287987,"z":-0.002635801676660776,"w":0.979719877243042},"size":21.395532608032228,"orthographic":false}